date,gameVersion
2020-04-21,109318973
2020-04-20,1093179200
2020-04-20,1093179188
2020-04-18,1093178173
2020-04-15,1093173399
2020-04-18,1083178137
2020-04-16,1083173760
2020-04-13,1083167651
2020-04-15,1083167615
2020-04-10,1083166819
2020-04-08,1083165180
2020-04-09,1083165169
2020-04-08,1083163242
2020-04-07,1083161495
2020-04-03,1083159649
2020-04-05,1083159629
2020-04-02,1083156258
2020-04-02,1083156245
2020-04-01,1083154535
2020-04-01,1083154504
2020-04-06,1073158562
2020-04-02,1073157487
2020-03-28,1073149802
2020-03-27,1073148504
2020-03-25,1073147327
2020-03-25,1073145230
2020-03-24,1073143154
2020-03-24,1073143014
2020-03-20,1073139586
2020-03-20,1073139573
2020-03-19,1073138306
2020-03-18,1073136977
2020-03-17,1073135141
2020-03-25,1063144405
2020-03-21,106314875
2020-03-20,106314320
2020-03-19,1063138894
2020-03-24,1063136238
2020-03-18,1063132784
2020-03-13,1063131163
2020-03-20,106313899
2020-03-12,1063129339
2020-03-11,1063127422
2020-03-11,1063125755
2020-03-11,1063125679
2020-03-09,1063122637
2020-03-09,1063122635
2020-03-06,1063119698
2020-03-06,1063119681
2020-03-05,1063117185
2020-03-04,1063115137
2020-03-03,1063113110
2020-03-03,1063113070
2020-03-13,1053129259
2020-03-12,1053126426
2020-03-10,105312392
2020-03-06,1053118183
2020-03-06,1053116095
2020-03-05,1053113857
2020-03-04,105311166
2020-02-28,1053108711
2020-02-28,1053106021
2020-02-27,1053104477
2020-02-25,1053102140
2020-02-25,1053099805
2020-02-22,1053097943
2020-02-22,1053097916
2020-02-21,1053097128
2020-02-21,1053095518
2020-02-21,1053095483
2020-02-19,1053093008
2020-02-20,1053092987
2020-02-28,1043107152
2020-02-26,1043102860
2020-02-25,1043093939
2020-02-15,1043089400
2020-02-14,1043087740
2020-02-12,1043083506
2020-02-12,1043083494
2020-02-05,1043072477
2020-02-05,1043072461
2020-02-10,1033077898
2020-02-04,1033071028
2020-02-01,1033068904
2020-02-01,1033067231
2020-01-29,1033064404
2020-01-28,103306829
2020-01-24,1033057246
2020-01-23,1033055525
2020-01-30,1023063223
2020-01-24,1023057988
2020-01-23,1023054739
2020-01-18,1023051444
2020-01-17,1023048510
2020-01-15,1023045586
2020-01-14,1023044005
2020-01-14,1023043984
2020-01-10,1023041833
2020-01-09,102304289
2020-01-09,1023038855
2020-01-09,1023038839
2020-01-08,1023037202
2020-01-19,1013047100
2020-01-14,1013043064
2020-01-10,1013039910
2020-01-09,1013039385
2020-01-07,1013036554
2020-01-17,1013035784
2020-01-09,1013031599
2019-12-21,101303464
2019-12-20,101303290
2019-12-19,1013024165
2019-12-19,1013022440
2019-12-18,101302399
2019-12-17,1013018176
2019-12-13,1013015080
2019-12-13,1013014039
2019-12-12,1013011721
2019-12-19,9243021397
2019-12-14,9243016252
2019-12-13,9243014052
2019-12-15,9243012721
2019-12-07,9243006382
2019-12-06,9243002455
2019-12-04,9243001084
2019-12-04,9243001066
2019-12-04,9242999251
2019-12-04,9242999220
2019-12-03,9242997368
2019-11-28,9242995170
2019-11-27,9242993973
2019-12-05,923300491
2019-12-03,9232997919
2019-12-05,9232995573
2019-11-29,9232994092
2019-11-27,9232993089
2019-11-21,9232988052
2019-11-23,9232986855
2019-11-21,9232986432
2019-11-21,9232985416
2019-11-19,9232983143
2019-11-16,923298209
2019-11-15,9232977689
2019-11-12,9232972327
2019-11-13,9232972310
2019-11-10,9232969736
2019-11-11,9232969728
2019-11-08,9232967873
2019-11-07,9232966551
2019-11-06,9232964757
2019-11-13,9222974763
2019-11-12,9222973335
2019-11-06,9222963722
2019-11-02,9222961221
2019-11-01,922296402
2019-10-31,9222957017
2019-10-30,9222955388
2019-10-30,9222955359
2019-10-25,9222948343
2019-10-26,9222948337
2019-10-25,9222945954
2019-10-24,9222943737
2019-10-23,9222943734
2019-10-22,9222941732
2019-10-22,9222941693
2019-10-23,921294813
2019-10-19,9212939040
2019-10-23,9212938573
2019-10-17,9212935582
2019-10-16,9212934011
2019-10-16,9212933723
2019-10-16,9212933699
2019-10-15,921293913
2019-10-12,9212928971
2019-10-23,9212927229
2019-10-09,9212923479
2019-10-09,9212923019
2019-10-11,9202928264
2019-11-05,9202923890
2019-10-11,9202922452
2019-10-06,920292351
2019-10-03,9202917868
2019-10-02,9202914713
2019-10-01,9202912927
2019-10-01,9202912916
2019-09-27,920291984
2019-09-27,920291491
2019-09-28,9202908251
2019-09-26,9202907567
2019-09-25,9202907446
2019-09-25,9202906866
2019-09-27,9192908808
2019-09-26,9192907765
2019-09-25,9192906835
2019-09-24,9192904926
2019-09-21,9192902458
2019-09-20,9192901278
2019-09-19,9192899331
2019-09-18,9192897815
2019-09-18,9192895654
2019-09-17,9192895635
2019-09-17,9192894012
2019-09-17,9192893998
2019-09-16,9192892573
2019-09-14,9192892490
2019-09-14,9192892442
2019-09-13,9192889240
2019-09-12,9192889215
2019-09-12,9192887192
2019-09-12,9192887114
2019-09-11,9192885560
2019-09-11,9192885135
2019-09-12,9182887871
2019-09-10,9182884125
2019-09-08,9182882728
2019-09-07,9182882114
2019-09-05,9182879657
2019-09-05,9182878220
2019-09-04,9182877977
2019-09-03,9182875848
2019-08-30,9182873959
2019-08-30,9182873666
2019-08-29,9182873050
2019-08-30,9182872664
2019-08-29,9182871743
2019-08-28,9182871531
2019-08-28,9182871507
2019-08-28,9182869768
2019-08-28,9182869493
2019-08-29,9172872485
2019-08-29,9172868471
2019-08-28,9172867872
2019-08-24,9172865823
2019-08-23,9172864379
2019-08-18,9172857764
2019-08-18,9172857763
2019-08-16,9172855957
2019-08-16,9172855956
2019-08-15,9172854629
2019-08-14,9172854143
2019-08-14,9172853264
2019-08-14,9172853254
2019-08-30,9162866048
2019-08-22,9162862167
2019-08-22,9162851247
2019-08-14,916285650
2019-08-10,9162848446
2019-08-09,9162846947
2019-08-08,9162845830
2019-08-07,9162844415
2019-08-02,9162841332
2019-08-03,9162841062
2019-08-02,916284150
2019-08-02,9162839519
2019-08-01,9162838651
2019-08-01,9162838571
2019-07-30,9162836431
2019-08-07,9152844287
2019-08-05,9152841593
2019-08-02,9152839993
2019-08-03,9152837505
2019-07-31,9152837080
2019-07-31,9152834482
2019-07-27,9152834011
2019-07-26,9152831068
2019-07-25,915283349
2019-07-24,9152828877
2019-07-20,9152825457
2019-08-15,9152823928
2019-07-18,9152821878
2019-07-17,9152821855
2019-07-23,9142827724
2019-07-20,9142826178
2019-07-19,9142825042
2019-07-18,9142823231
2019-07-16,914282509
2019-07-16,914282267
2019-07-15,9142818727
2019-07-11,9142815065
2019-07-11,9142813978
2019-07-11,9142813302
2019-07-10,9142811924
2019-07-10,9142811682
2019-07-10,9142811670
2019-07-09,9142809998
2019-07-09,9142809992
2019-07-05,9142808160
2019-07-05,9142808111
2019-07-04,9142808042
2019-07-03,9142805672
2019-07-02,9142804178
2019-07-16,9132819262
2019-07-03,9132805558
2019-07-02,9132804632
2019-07-02,9132803562
2019-06-29,9132801988
2019-06-27,913280545
2019-06-28,9132799073
2019-06-25,9132798364
2019-06-25,9132797717
2019-06-26,9132796597
2019-06-22,9132795921
2019-06-21,9132794426
2019-06-20,9132794063
2019-06-20,9132793556
2019-06-19,9132792219
2019-06-19,9132791976
2019-06-19,9132791964
2019-06-18,913279555
2019-06-18,913279509
2019-06-18,9132788760
2019-06-18,9132788670
2019-06-17,9132788654
2019-06-15,9132786661
2019-06-16,9132786617
2019-06-15,9132785824
2019-10-20,9132784068
2019-06-12,9132781295
2019-06-11,9132779617
2019-06-11,9132779605
2019-06-13,9122782588
2019-06-12,9122778490
2019-06-08,9122776513
2019-06-08,9122776038
2019-06-06,9122773086
2019-06-06,9122771433
2019-06-05,912277477
2019-06-04,9122769436
2019-06-04,9122767889
2019-06-04,9122767625
2019-06-04,9122767615
2019-06-01,9122765377
2019-06-01,9122765333
2019-05-31,9122763400
2019-05-30,9122761582
2019-05-29,9122761581
2019-05-31,9112764911
2019-05-30,9112763025
2019-05-30,9112761040
2019-05-25,9112756613
2019-05-24,9112754725
2019-05-23,9112752423
2019-05-22,911275793
2019-05-19,9112748298
2019-05-18,9112748289
2019-05-17,9112745372
2019-05-15,9112743902
2019-05-15,9112742361
2019-05-17,9102746044
2019-05-16,9102743457
2019-05-11,910274399
2019-05-15,910274299
2019-05-10,9102739316
2019-05-08,9102735690
2019-05-07,9102735253
2019-05-08,9102734992
2019-05-08,9102734977
2019-05-07,9102733177
2019-05-03,9102731564
2019-05-03,910273274
2019-05-03,910273175
2019-05-03,910273121
2019-05-01,9102728163
2019-05-01,9102728151
2019-11-08,9102726944
2019-04-30,9102726802
2019-05-04,992731680
2019-05-03,992731222
2019-05-03,992729496
2019-04-30,992726103
2019-04-27,992724950
2019-04-26,992723557
2019-04-26,992722050
2019-04-24,99272642
2019-04-24,99272635
2019-04-24,992719533
2019-04-24,992719087
2019-04-23,992719075
2019-04-23,992717664
2019-04-22,992717630
2019-04-20,992716332
2019-04-18,992714979
2019-04-18,992714963
2019-04-17,992713318
2019-04-17,992713294
2019-04-16,992711618
2019-04-13,982709450
2019-04-13,982708833
2019-04-12,982706448
2019-04-11,982705457
2019-04-10,982705427
2019-04-10,982703910
2019-04-10,982703826
2019-04-09,982701942
2019-04-06,98270197
2019-04-06,98270188
2019-04-05,982698334
2019-04-04,982698244
2019-04-04,982698221
2019-04-04,982696834
2019-04-02,982694768
2019-04-02,982694740
2019-04-10,972704324
2019-04-08,97270816
2019-04-06,97270792
2019-04-05,972699729
2019-04-04,972696900
2019-04-02,972693905
2019-03-30,972692391
2019-03-30,972692243
2019-03-28,972689953
2019-03-28,972688766
2019-03-27,972687363
2019-03-26,972687326
2019-03-26,972685697
2019-03-25,972685389
2019-03-24,972683539
2019-03-23,972683302
2019-03-22,972683256
2019-03-21,972681311
2019-03-21,972679318
2019-03-20,972679302
2019-03-20,972677615
2019-03-19,972677586
2019-03-26,962682663
2019-03-15,962674221
2019-03-15,962672825
2019-03-15,962672540
2019-03-13,96267327
2019-03-13,962668526
2019-03-12,962668483
2019-03-12,962667234
2019-03-12,962666768
2019-03-09,962664940
2019-03-08,962664861
2019-03-08,962663040
2019-03-07,962662469
2019-03-07,962661156
2019-03-06,96266684
2019-03-06,962659425
2019-03-06,962659370
2019-03-08,952664070
2019-03-07,952662064
2019-03-07,952661962
2019-03-05,952657724
2019-03-03,952656284
2019-03-02,952655750
2019-03-01,952653622
2019-02-28,952653172
2019-02-26,95265667
2019-02-26,952648716
2019-02-24,952646339
2019-02-22,952646035
2019-02-22,952645987
2019-02-22,952644500
2019-02-22,952644385
2019-02-21,952642111
2019-02-20,952642109
2019-03-02,942656069
2019-02-26,942649340
2019-02-23,942646852
2019-02-25,942646497
2019-02-22,942645490
2019-02-22,942643174
2019-02-22,942642938
2019-02-20,942641140
2019-02-20,942638995
2019-02-17,942638411
2019-02-16,942638129
2019-02-15,942637602
2019-02-15,942636613
2019-02-14,942634466
2019-02-12,942632001
2019-02-11,942629891
2019-02-08,942628030
2019-02-08,942626751
2019-02-08,942626623
2019-03-03,942624666
2019-02-06,942624488
2019-02-06,942622948
2019-02-12,93263278
2019-02-13,932624381
2019-02-19,932624379
2019-02-08,932621309
2019-02-02,932619578
2019-02-02,932618667
2019-02-01,932618289
2019-01-31,932616917
2019-01-31,932616789
2019-01-30,932615528
2019-01-29,932615316
2019-01-28,932614024
2019-01-28,932613998
2019-01-26,932612639
2019-01-25,932612522
2019-01-24,932611420
2019-01-24,932611087
2019-01-24,93261228
2019-01-24,932609563
2019-01-25,922611724
2019-01-25,92261914
2019-01-25,92261746
2019-01-27,92261205
2019-01-27,922609012
2019-01-19,922606714
2019-01-19,922606598
2019-01-18,922604872
2019-01-18,922604638
2019-01-17,922603030
2019-01-17,922601494
2019-01-16,922601451
2019-01-16,922599045
2019-01-15,922598371
2019-01-16,922598332
2019-01-15,922597427
2019-01-15,922597366
2019-01-15,922597355
2019-01-12,922594899
2019-01-12,922594880
2019-01-12,922594591
2019-01-11,922592090
2019-01-10,922591863
2019-01-10,922591300
2019-01-10,92259250
2019-01-10,9225963
2019-01-09,922589811
2019-01-09,922589166
2019-01-09,922589153
2019-01-08,922588532
2019-01-08,922588397
2019-01-17,91260635
2019-01-18,912598495
2019-01-15,912594551
2019-01-16,912587453
2019-01-08,912582226
2019-01-03,912578437
2018-12-15,912577563
2019-01-11,912577475
2018-12-15,912574335
2018-12-13,912573850
2018-12-13,912573194
2018-12-13,912572944
2018-12-12,91257966
2018-12-11,912569074
2018-12-11,912568851
2018-12-08,912567400
2018-12-08,912567227
2018-12-06,912565241
2018-12-06,912565146
2018-12-06,912563458
2018-12-05,912563411
2018-12-05,912562498
2018-12-05,912561643
2018-12-04,912561481
2018-12-13,824257390
2018-12-11,8242569476
2018-12-08,8242564795
2018-12-08,8242563838
2018-12-03,824256110
2018-11-30,8242558524
2018-11-30,8242558494
2018-11-30,8242557007
2018-11-30,8242555966
2018-11-29,8242555609
2018-11-29,8242555322
2018-11-28,8242555277
2018-11-28,8242554241
2018-11-28,8242554227
2018-11-28,8242554005
2018-11-27,824255935
2018-11-26,824255885
2018-11-26,824255812
2018-11-24,8242547721
2018-11-21,8242547578
2018-11-21,8242547482
2018-11-21,8242545599
2018-11-20,8242545376
2018-11-20,8242545262
2018-11-19,8242543621
2018-11-20,8242543407
2018-11-19,8242543228
2018-11-28,8232552005
2018-11-27,8232546415
2018-11-21,8232546245
2018-11-17,8232541658
2018-11-16,823254240
2018-11-16,8232539057
2018-11-14,8232536851
2018-11-14,8232536368
2018-11-13,8232535631
2018-11-13,8232535495
2018-11-13,8232533678
2018-11-12,8232533588
2018-11-09,8232531158
2018-11-09,8232531091
2018-11-08,8232529016
2018-11-08,8232528885
2018-11-08,8232527157
2018-11-08,8232526921
2018-11-07,8232526707
2018-11-07,8232525576
2018-11-07,8232525416
2018-11-21,8222538308
2018-11-21,8222534332
2018-11-06,8222522691
2018-11-03,8222522016
2018-11-02,8222521242
2018-11-02,822252564
2018-10-31,8222517905
2018-10-31,8222517727
2018-10-30,8222515891
2018-10-29,8222513922
2018-10-29,8222513754
2018-10-26,8222511954
2018-10-26,8222511605
2018-10-25,8222509896
2018-10-25,8222509661
2018-10-24,8222508186
2018-10-24,8222507287
2018-10-24,8222506317
2018-10-23,8222505941
2018-11-03,8212518172
2018-10-30,8212514430
2018-11-02,8212507710
2018-10-20,8212502733
2018-10-20,821250875
2018-10-18,82125048
2018-10-18,8212499577
2018-10-17,8212498614
2018-10-17,8212498577
2018-10-17,8212496536
2018-10-17,8212496302
2018-10-16,8212494572
2018-10-16,8212494358
2018-10-13,8212493082
2018-10-13,8212492973
2018-10-12,8212491966
2018-10-12,821249660
2018-10-12,821249590
2018-10-10,8212488735
2018-10-10,8212488712
2018-10-10,8212487187
2018-10-10,8212487063
2018-10-09,8212486921
2018-10-23,8202495957
2018-10-23,8202495788
2018-10-11,8202488431
2018-10-06,8202483196
2018-10-05,8202482920
2018-10-05,8202481315
2018-10-04,8202479902
2018-10-03,8202478572
2018-10-02,8202478424
2018-09-30,8202474819
2018-09-28,8202474708
2018-09-27,8202472661
2018-09-27,8202471003
2018-09-26,820247762
2018-09-26,8202469247
2018-09-25,8202468964
2018-09-25,8202468862
2018-10-04,8192474748
2018-09-28,8192473725
2018-09-28,8192473360
2018-09-27,8192468630
2018-09-25,8192467782
2018-09-21,8192464856
2018-09-21,8192464509
2018-09-21,8192462807
2018-09-20,8192462151
2018-09-19,8192461224
2018-09-19,8192459781
2018-09-19,8192459720
2018-09-18,8192458147
2018-09-18,8192457961
2018-09-17,8192457891
2018-09-16,8192456165
2018-09-14,8192455840
2018-09-14,8192454753
2018-09-14,8192454694
2018-09-13,8192453279
2018-09-12,8192451896
2018-09-12,8192451804
2018-09-11,8192451762
2018-09-19,8182458480
2018-09-17,8182457416
2018-09-13,8182454694
2018-09-13,8182454647
2018-09-13,8182453667
2018-09-12,8182449800
2018-09-11,8182448261
2018-09-06,8182444317
2018-09-06,8182444301
2018-09-05,8182444009
2018-09-01,8182441362
2018-09-01,818244303
2018-08-31,8182439329
2018-08-30,8182438907
2018-09-18,8182437852
2018-08-29,8182437098
2018-08-29,8182436090
2018-09-04,8172437548
2018-09-04,8172437413
2018-08-30,8172433836
2018-08-25,8172433340
2018-08-25,8172433257
2018-08-24,8172431120
2018-08-23,81724388
2018-08-21,8172428449
2018-08-21,8172428373
2018-08-20,8172427207
2018-08-20,8172427030
2018-08-18,8172425699
2018-08-18,8172425492
2018-08-17,8172424698
2018-08-17,8172424436
2018-08-16,8172424354
2018-08-16,8172423202
2018-08-16,8172423171
2018-08-16,8172423166
2018-08-15,8172421120
2018-08-14,817242919
2018-08-14,817242556
2018-08-16,8162418459
2018-08-14,8162418451
2018-08-11,8162416543
2018-08-09,8162414799
2018-08-09,8162414798
2018-08-08,8162413395
2018-08-08,8162413307
2018-08-07,8162411755
2018-08-07,8162411699
2018-08-07,8162409964
2018-08-06,8162409811
2018-08-06,8162409643
2018-08-04,8162408268
2018-08-04,8162407937
2018-08-03,8162407806
2018-08-03,8162407150
2018-08-03,8162405981
2018-08-02,8162405858
2018-08-02,8162405679
2018-08-01,8162403857
2018-08-01,8162403658
2018-07-31,8162402308
2018-07-31,8162402039
2018-07-31,8162401846
2018-08-07,8152408595
2018-08-09,8152406550
2018-08-04,8152404452
2018-08-07,8152402398
2018-08-02,8152402334
2018-07-31,815240173
2018-07-28,8152399021
2018-07-27,8152397861
2018-07-27,8152397082
2018-07-26,8152395486
2018-07-26,8152395155
2018-07-26,8152394719
2018-07-26,8152393558
2018-07-25,8152393233
2018-07-25,8152393224
2018-07-25,8152393107
2018-07-24,815239891
2018-07-23,815239685
2018-07-23,815239578
2018-07-20,8152388240
2018-07-20,8152388099
2018-07-20,8152386807
2018-07-19,8152386700
2018-07-19,8152386561
2018-07-19,8152385473
2018-07-19,8152385303
2018-07-18,8152385101
2018-07-18,8152384836
2018-07-17,8152383220
2018-07-17,8152382979
2018-07-17,8152382919
2018-07-27,8142397344
2018-07-24,8142389731
2018-07-26,8142389513
2018-07-20,8142385230
2018-07-20,8142382200
2018-07-17,8142381827
2018-07-17,8142381713
2018-07-17,8142381178
2018-07-14,8142379913
2018-07-14,8142379168
2018-07-13,8142377778
2018-07-13,8142377569
2018-07-12,8142374873
2018-07-11,8142374819
2018-07-11,8142374648
2018-07-11,8142374339
2018-07-10,8142372815
2018-07-10,8142372295
2018-07-10,8142372116
2018-07-09,814237742
2018-07-08,8142369056
2018-07-07,8142368719
2018-07-07,8142368616
2018-07-06,8142366821
2018-07-06,8142366764
2018-07-04,8142364665
2018-07-03,8142364430
2018-07-03,8142364285
2018-07-02,8142363000
2018-07-02,8142362852
2018-06-30,8142362407
2018-06-30,8142362199
2018-06-30,8142361115
2018-06-30,8142361095
2018-06-29,814236105
2018-06-28,8142359600
2018-06-28,8142359472
2018-06-28,8142358012
2018-06-27,8142357855
2018-06-27,8142356413
2018-06-26,8142356130
2018-06-26,8142355814
2018-06-29,813236184
2018-06-28,8132357366
2018-06-28,8132355532
2018-06-27,8132354943
2018-06-23,8132352961
2018-06-22,813235733
2018-06-21,813235108
2018-06-21,8132349676
2018-06-20,8132349372
2018-06-20,8132349172
2018-06-20,8132347635
2018-06-20,8132347406
2018-06-19,8132347357
2018-06-18,8132345642
2018-06-18,8132345471
2018-06-18,8132345404
2018-06-14,813234857
2018-06-14,8132339639
2018-06-14,8132339315
2018-06-13,8132339243
2018-06-13,8132337356
2018-06-12,8132336178
2018-06-23,812235502
2018-06-21,8122349918
2018-06-19,8122346861
2018-06-12,8122336205
2018-06-09,8122334186
2018-06-22,8122332318
2018-06-07,812233818
2018-06-07,812233670
2018-06-07,8122329760
2018-06-06,8122329630
2018-06-06,8122328074
2018-06-05,8122326470
2018-06-04,8122325675
2018-06-02,8122324275
2018-06-01,8122324131
2018-06-01,8122322669
2018-05-30,812232140
2018-05-30,8122319916
2018-06-05,8112327066
2018-06-05,8112324222
2018-06-02,8112324121
2018-05-31,8112317304
2018-05-25,8112314821
2018-05-25,8112313297
2018-05-24,8112312458
2018-05-23,8112312221
2018-05-22,811231512
2018-05-22,811231429
2018-05-22,8112308950
2018-05-21,8112308861
2018-05-21,8112306950
2018-05-18,8112306688
2018-05-18,8112306602
2018-05-17,8112304610
2018-05-17,8112304328
2018-05-16,8112302442
2018-05-16,8112302397
2018-05-15,811230589
2018-05-15,811230474
2018-05-15,811230276
2018-05-21,8102307029
2018-05-18,8102302934
2018-05-12,8102297328
2018-05-12,8102295961
2018-05-11,8102293304
2018-05-10,8102293076
2018-05-17,8102292451
2018-05-10,8102292184
2018-05-10,8102292036
2018-05-09,81022955
2018-05-09,8102289549
2018-05-07,8102288180
2018-05-08,8102287839
2018-05-07,8102287666
2018-05-05,8102285298
2018-05-04,8102283555
2018-05-04,8102283265
2018-05-03,8102282897
2018-05-03,8102281601
2018-05-03,8102281359
2018-05-02,8102281161
2018-05-02,8102279597
2018-05-02,8102279445
2018-05-02,8102279187
2018-05-07,892285644
2018-05-03,89228506
2018-05-02,892277511
2018-04-28,892276342
2018-04-27,892274222
2018-04-27,892273878
2018-04-25,892272397
2018-04-25,892271827
2018-04-25,89227404
2018-04-25,89227236
2018-04-24,892268331
2018-04-23,892268068
2018-04-21,892266500
2018-04-21,892264771
2018-04-20,892264398
2018-04-19,892264194
2018-04-19,892264072
2018-04-19,892262231
2018-04-19,892262104
2018-04-18,89226333
2018-04-17,89226148
2018-04-17,8922694
2018-04-21,882263063
2018-04-15,882256906
2018-04-13,882255537
2018-04-12,882254150
2018-04-12,882253687
2018-04-12,882253018
2018-04-11,882252880
2018-04-16,882251797
2018-04-09,882249477
2018-04-09,882249401
2018-04-07,882247513
2018-04-06,882247358
2018-04-06,882246471
2018-04-06,882246244
2018-04-05,882244304
2018-04-04,882242729
2018-04-03,88224162
2018-04-16,872248646
2018-04-07,872243298
2018-04-06,872243213
2018-03-31,872239264
2018-03-31,872239193
2018-03-30,872237331
2018-03-29,872236767
2018-03-27,872234142
2018-03-27,872233850
2018-03-26,872232226
2018-03-26,872231886
2018-03-24,87223700
2018-03-24,87223556
2018-03-22,872227765
2018-03-22,872227694
2018-03-22,872227469
2018-03-20,872224919
2018-03-20,872224842
2018-03-20,872224833
2018-03-27,86223494
2018-03-29,862229308
2018-03-23,862229206
2018-04-17,862226710
2018-03-25,862226239
2018-03-25,862226216
2018-03-20,862222309
2018-03-17,862222220
2018-03-17,862222149
2018-03-15,862219895
2018-03-15,862219622
2018-03-14,862218714
2018-03-14,862218468
2018-03-14,862216865
2018-03-13,862216676
2018-03-13,862216476
2018-03-13,862215333
2018-03-12,862215174
2018-03-09,862212727
2018-03-09,862212282
2018-03-08,86221770
2018-03-08,86221447
2018-03-08,862209109
2018-03-08,862208902
2018-03-08,862208382
2018-03-07,862207006
2018-03-07,862206781
2018-03-06,862206580
2018-03-09,852209699
2018-03-07,852207641
2018-03-04,852204075
2018-03-03,852204000
2018-03-03,852203006
2018-03-02,852202331
2018-03-02,852202223
2018-03-01,8522023
2018-02-28,852199812
2018-02-28,852198905
2018-02-28,852198572
2018-02-28,852198533
2018-02-27,852196858
2018-02-27,852196688
2018-02-26,852196439
2018-02-23,852194654
2018-02-23,852194606
2018-02-23,852193657
2018-02-23,852193645
2018-02-23,852193576
2018-02-22,852191751
2018-02-21,852191598
2018-02-21,852191427
2018-03-10,84220509
2018-03-01,842194319
2018-02-23,842193761
2018-02-18,842188787
2018-02-16,842187464
2018-02-15,842185775
2018-02-15,842185292
2018-02-15,842184915
2018-02-15,842184773
2018-02-14,842184334
2018-02-13,842182947
2018-02-13,842182752
2018-02-13,842181713
2018-02-12,842181619
2018-02-13,842181112
2018-02-12,842181029
2018-02-10,842179304
2018-02-10,842179080
2018-02-09,842178722
2018-02-09,842177620
2018-02-08,842177439
2018-02-08,842177292
2018-02-07,842175938
2018-02-08,842175776
2018-02-07,842175719
2018-02-06,842174077
2018-02-06,842173826
2018-02-16,832183983
2018-02-09,832177153
2018-02-08,832177007
2018-02-03,832171022
2018-02-02,832168350
2018-02-01,832168008
2018-01-31,832167358
2018-01-31,832167249
2018-01-31,832166462
2018-01-31,832166221
2018-01-30,832165697
2018-01-30,832165408
2018-01-29,832164063
2018-01-29,832163870
2018-01-29,832163738
2018-01-27,832162150
2018-01-26,832162039
2018-01-28,832161972
2018-01-26,832161722
2018-01-26,832159980
2018-01-25,832159909
2018-01-25,832159552
2018-01-25,832159195
2018-01-25,832159071
2018-01-23,832157020
2018-01-23,832156833
2018-01-23,832156566
2018-01-26,82216496
2018-01-26,82216409
2018-01-26,82216200
2018-01-20,822153402
2018-01-23,822152327
2018-01-19,82215824
2018-01-18,822149989
2018-01-17,822149300
2018-01-17,822148995
2018-01-16,822147527
2018-01-16,822147312
2018-01-13,822145834
2018-01-14,822144902
2018-01-12,822144676
2018-01-12,822144283
2018-01-11,822142854
2018-01-11,822142224
2018-01-11,82214993
2018-01-10,82214747
2018-01-09,822139232
2018-01-09,822139189
2018-01-12,812143868
2018-01-21,812136251
2018-01-05,812135563
2018-01-05,812134336
2018-01-04,812133896
2017-12-19,8121393
2017-12-14,812125704
2017-12-14,812125252
2017-12-14,812124950
2017-12-13,812124761
2017-12-13,812124675
2017-12-13,812123590
2017-12-12,812123406
2017-12-12,812123188
2017-12-12,812122053
2017-12-12,812121864
2017-12-11,812121590
2017-12-08,81212332
2017-12-08,81212167
2017-12-08,81212103
2017-12-08,812118742
2017-12-07,812118562
2017-12-07,812118408
2017-12-07,812116976
2017-12-06,812116839
2017-12-06,812116681
2017-12-05,812115410
2017-12-05,812113820
2017-12-14,7242125337
2017-12-13,7242124827
2017-12-13,7242124555
2017-12-13,7242123917
2017-12-13,7242122775
2017-12-09,7242118074
2017-12-07,7242117695
2017-12-07,7242117318
2017-12-05,7242114973
2017-12-01,7242112611
2017-12-01,7242112087
2017-11-30,724211884
2017-11-30,724211265
2017-11-29,7242109701
2017-11-29,7242109491
2017-11-29,7242108214
2017-11-28,7242107977
2017-11-28,7242107714
2017-11-28,7242106267
2017-11-28,7242106022
2017-11-27,7242105674
2017-11-23,7242102666
2017-11-22,7242102573
2017-11-21,7242101203
2017-11-21,724210974
2017-11-21,724210251
2017-11-21,7242099675
2017-11-20,7242099474
2017-11-20,7242099433
2017-12-01,7232107284
2017-11-30,7232101929
2017-11-28,7232101736
2017-11-23,723210466
2017-11-17,7232097302
2017-11-16,7232095411
2017-11-16,7232094263
2017-11-15,7232093517
2017-11-15,7232092959
2017-11-14,7232092788
2017-11-14,7232091324
2017-11-14,7232091041
2017-11-13,723209828
2017-11-13,723209776
2017-11-11,7232089122
2017-11-10,7232088854
2017-11-10,7232088794
2017-11-09,7232087423
2017-11-09,7232087132
2017-11-09,7232087015
2017-11-09,7232085899
2017-11-09,7232085889
2017-11-08,7232085819
2017-11-07,7232084389
2017-11-07,7232084129
2017-11-07,7232084022
2017-11-07,7232082949
2017-11-06,7232082723
2017-11-06,7232082615
2017-11-14,7222089371
2017-11-12,7222087014
2017-11-14,7222086042
2017-11-11,7222084895
2017-11-03,7222081062
2017-11-03,7222079916
2017-11-02,7222078950
2017-11-02,7222078137
2017-11-01,7222077431
2017-11-01,7222077381
2017-10-31,7222075474
2017-10-31,7222075172
2017-10-30,7222075140
2017-10-27,7222073274
2017-10-27,7222073123
2017-10-27,7222072966
2017-10-27,7222072540
2017-10-27,7222072297
2017-10-27,7222072231
2017-10-26,7222068770
2017-10-24,7222068712
2017-10-24,7222068694
2017-10-21,7212066866
2017-10-21,7212066140
2017-10-21,7212066119
2017-10-20,7212065597
2017-10-20,7212065095
2017-10-19,7212063774
2017-10-19,7212063696
2017-10-18,7212062815
2017-10-18,7212062708
2017-10-18,7212061864
2017-10-16,7212059634
2017-10-16,7212058323
2017-10-13,7212057853
2017-10-13,7212057652
2017-10-13,7212057446
2017-10-12,7212056186
2017-10-13,7212056039
2017-10-12,7212055969
2017-10-12,7212054871
2017-10-12,7212054721
2017-10-11,7212054351
2017-10-10,7212052711
2017-10-10,7212052541
2017-10-17,7202059077
2017-10-16,7202058049
2017-10-13,7202057335
2017-10-13,7202056563
2017-10-13,7202054687
2017-10-11,7202053614
2017-10-10,7202051464
2017-10-07,7202049809
2017-10-05,7202048524
2017-10-05,7202048496
2017-10-04,7202047346
2017-10-04,7202047210
2017-10-03,7202045932
2017-10-03,7202045820
2017-10-02,7202044099
2017-10-02,7202043582
2017-09-29,7202042384
2017-09-29,7202042381
2017-09-28,720204829
2017-09-28,720204768
2017-09-27,7202038666
2017-09-27,7202038428
2017-09-27,7202037707
2017-09-27,7202037656
2017-09-27,7202037447
2017-09-27,7202037272
2017-09-26,7202037196
2017-10-04,7192045319
2017-09-29,7192039983
2017-09-29,7192039909
2017-09-29,7192039780
2017-09-23,7192031070
2017-09-28,719203949
2017-09-23,719203663
2017-09-22,719203241
2017-09-22,7192029525
2017-09-21,7192028275
2017-09-19,7192027132
2017-09-19,7192027024
2017-09-19,7192025945
2017-09-19,7192025932
2017-09-16,7192024316
2017-09-15,7192024138
2017-09-15,7192023552
2017-09-15,7192023498
2017-09-14,7192023186
2017-09-14,7192022094
2017-09-14,7192021899
2017-09-12,7192021157
2017-09-12,7192021118
2017-09-19,7182025551
2017-09-21,7182023024
2017-09-15,7182022988
2017-09-15,718202854
2017-09-09,7182019160
2017-09-08,7182018307
2017-09-08,7182016733
2017-09-15,7182016084
2017-09-05,7182014819
2017-09-05,7182014708
2017-09-02,7182013271
2017-09-02,7182013264
2017-08-31,7182011651
2017-08-31,7182011635
2017-08-30,718201332
2017-08-30,718201315
2017-08-30,7182009634
2017-08-30,7182009591
2017-08-30,7182009130
2017-08-28,7182008161
2017-08-28,7182008157
2017-08-26,7182006802
2017-08-26,7182006768
2017-08-25,7182005574
2017-08-25,7182005422
2017-08-24,7182004635
2017-08-23,7182004527
2017-08-23,7182003638
2017-08-23,7182003607
2017-09-07,7172007723
2017-08-25,7172004999
2017-08-20,7171999679
2017-08-17,7171998051
2017-08-17,7171997984
2017-08-16,7171996971
2017-08-16,7171996845
2017-08-15,7171995662
2017-08-15,7171995526
2017-08-15,7171993813
2017-08-15,7171993663
2017-08-12,7171991602
2017-08-11,7171991576
2017-08-11,7171989931
2017-08-10,7171989188
2017-08-10,7171989061
2017-08-09,7171987810
2017-08-09,7171986941
2017-08-09,7171986540
2017-08-11,7161986736
2017-08-05,7161983567
2017-08-05,7161983278
2017-08-03,716198630
2017-08-03,716198622
2017-08-02,7161979826
2017-08-02,7161979684
2017-08-01,7161977927
2017-08-01,7161977745
2017-07-31,7161976119
2017-07-31,7161975903
2017-07-28,7161973574
2017-07-28,7161972589
2017-07-27,7161972154
2017-07-27,7161972145
2017-07-26,716197227
2017-07-26,7161969792
2017-07-25,7161968294
2017-07-25,7161968071
2017-08-05,715197934
2017-07-30,715197807
2017-07-27,7151969357
2017-07-27,7151969153
2017-07-23,7151965800
2017-07-24,7151965272
2017-07-21,7151961544
2017-07-20,7151961349
2017-07-20,715196691
2017-07-20,715196633
2017-07-18,7151958168
2017-07-18,7151957886
2017-07-18,7151956857
2017-07-15,7151954217
2017-07-15,7151954017
2017-07-13,715195441
2017-07-12,71519586
2017-07-11,7151948565
2017-07-11,7151948262
2017-07-31,7141962400
2017-07-15,7141951637
2017-07-13,7141951089
2017-07-13,7141945914
2017-07-07,7141943950
2017-07-07,7141942542
2017-07-06,7141942256
2017-07-01,7141937681
2017-07-01,7141936773
2017-06-30,7141936692
2017-06-29,7141934996
2017-06-29,7141934691
2017-06-28,7141933382
2017-06-28,7141932379
2017-06-28,7141932108
2017-06-28,7141931516
2017-07-08,7131944313
2017-07-05,7131935407
2017-06-29,7131927976
2017-06-24,7131926794
2017-06-23,7131926726
2017-06-23,7131924819
2017-06-22,7131924672
2017-06-22,7131924073
2017-06-22,7131923832
2017-06-21,7131922710
2017-06-20,7131922343
2017-06-20,713192555
2017-06-17,7131918714
2017-06-17,7131918622
2017-06-16,7131916942
2017-06-16,7131916667
2017-06-14,7131915258
2017-06-14,7131914999
2017-06-13,7131913799
2017-06-14,7131913492
2017-06-18,7121918075
2017-06-16,7121916095
2017-06-09,7121909002
2017-06-09,7121907570
2017-06-07,7121906644
2017-06-08,7121906089
2017-06-06,7121904710
2017-06-06,7121904451
2018-09-06,7121903455
2017-06-02,712190616
2017-06-03,712190293
2017-06-02,7121899285
2017-06-02,7121898856
2017-06-02,7121898495
2017-06-01,7121897327
2017-05-31,7121897165
2017-06-01,7121896963
2017-05-25,7121891410
2017-06-07,7111905614
2017-06-07,7111905308
2017-05-27,7111893652
2017-05-25,711189942
2017-05-26,711189805
2017-05-24,7111889378
2017-05-25,7111889306
2017-05-23,7111887960
2017-05-24,7111887717
2017-05-23,7111887052
2017-05-22,7111886151
2017-05-20,7111884989
2017-05-20,7111884409
2017-05-19,7111883708
2017-05-19,7111883531
2017-05-18,7111881923
2017-05-17,7111881903
2017-05-17,7111881072
2017-05-17,711188204
2017-05-25,710189726
2017-05-26,7101888683
2017-05-19,7101883269
2017-05-23,7101882928
2017-05-18,7101881405
2017-05-13,7101877434
2017-05-13,7101877374
2017-05-23,7101876239
2017-05-12,7101874981
2017-05-11,7101873276
2017-05-11,7101873176
2017-05-10,7101871547
2017-05-10,7101871307
2017-05-06,7101868327
2017-05-04,7101866743
2017-05-04,7101865287
2017-05-03,7101865243
2017-05-03,7101863771
2017-05-03,7101863759
2017-05-19,791877911
2017-05-11,791872291
2017-05-10,79187631
2017-05-09,791867872
2017-05-07,791867284
2017-05-05,791866736
2017-05-05,791866581
2017-04-29,791861612
2017-04-29,791861051
2017-04-28,791858993
2017-04-28,791858771
2017-04-27,791857525
2017-04-27,791857456
2017-04-25,791855516
2017-04-25,791853618
2017-04-24,791853566
2017-04-21,79185365
2017-04-22,7918551
2017-04-21,791849573
2017-04-20,791848245
2017-04-20,791847276
2017-04-19,791846571
2017-04-19,791845820
2017-04-19,791844686
2017-05-06,781867364
2017-05-02,781859699
2017-04-27,781858432
2017-04-28,781856667
2017-04-27,781856533
2017-04-25,781844163
2017-04-14,78184113
2017-04-14,781839637
2017-04-14,781838726
2017-04-12,781837076
2017-04-12,781836790
2017-04-11,781835642
2017-04-11,781835234
2017-04-10,781833581
2017-04-10,781833306
2017-04-07,78183961
2017-04-08,78183801
2017-04-07,781829316
2017-04-07,781829275
2017-04-05,781827683
2017-04-05,781827624
2017-04-04,781825933
2017-04-04,781825761
2017-04-14,771838394
2017-04-07,771828194
2017-03-31,771821548
2017-04-01,771821428
2017-03-31,77182282
2017-03-31,77182125
2017-03-29,771818578
2017-03-29,771818497
2017-03-28,771816960
2017-03-28,771815793
2017-03-28,771815479
2017-03-27,771815393
2017-03-24,771813794
2017-03-24,771813527
2017-03-23,771812737
2017-03-23,771812242
2017-03-22,771811018
2017-03-22,77181705
2017-03-21,771809509
2017-04-02,761819872
2017-03-31,761819588
2017-04-01,761816485
2017-03-27,761812142
2017-03-27,761811728
2017-03-24,76181129
2017-03-24,761809151
2017-03-18,761807093
2017-03-19,761806903
2017-03-17,761804381
2017-03-17,761804353
2017-03-16,761803428
2017-03-15,761803070
2017-03-15,761801903
2017-03-15,761801698
2017-03-14,761799471
2017-03-13,761799459
2017-03-11,761798162
2017-03-10,761797045
2017-03-11,761796962
2017-03-09,761795291
2017-03-09,761795058
2017-03-09,761793432
2017-03-08,761793359
2017-03-08,761792649
2017-03-07,761791667
2017-03-07,761791524
2017-03-16,751802869
2017-03-16,751802852
2017-03-18,751801142
2017-03-14,751794767
2017-03-09,751794441
2017-03-04,751788497
2017-03-10,751788265
2017-03-04,751786069
2017-03-03,751785222
2017-03-02,751783673
2017-03-02,751783581
2017-03-01,751782565
2017-02-28,751781785
2017-02-28,75178633
2017-02-27,751779675
2017-02-25,751777578
2017-02-24,751776765
2017-02-23,751775242
2017-02-23,751775048
2017-02-22,751773580
2017-02-22,751773497
2017-03-03,741785050
2017-03-05,741776645
2017-02-18,741769828
2017-02-18,741769146
2017-02-17,741767810
2017-02-17,741766391
2017-02-17,741765982
2017-02-16,741764586
2017-02-15,741764483
2017-02-14,741763216
2017-02-14,741762851
2017-02-14,741761582
2017-02-13,741761182
2017-02-14,74176919
2017-02-11,741759947
2017-02-10,741759353
2017-02-10,741759252
2017-02-10,741757939
2017-02-09,741757845
2017-02-08,741756424
2017-02-09,741756334
2017-02-07,741754948
2017-02-07,741754859
2017-02-14,731755733
2017-02-07,731752510
2017-02-04,731752437
2017-02-10,731751810
2017-10-23,73175802
2017-02-04,73175271
2017-02-03,731749808
2017-02-03,731749526
2017-02-01,731748288
2017-02-01,731748077
2017-02-01,731747078
2017-02-01,731746525
2017-01-30,731745101
2017-01-30,731744827
2017-01-28,731742931
2017-01-26,731741286
2017-01-25,731739712
2017-01-25,731738699
2017-01-25,731738105
2017-01-31,721745460
2017-02-05,721743615
2017-01-27,721742316
2017-01-26,72174778
2017-01-21,721735495
2017-01-20,721733544
2017-01-19,721732728
2017-01-20,721732392
2017-01-18,72173998
2017-01-19,72173971
2017-01-18,721729821
2017-01-18,721729661
2017-01-14,721726569
2017-01-13,721726266
2017-01-13,721725242
2017-01-12,721724476
2017-01-10,721722223
2017-01-18,711727278
2017-01-13,711725303
2017-01-13,711718390
2017-01-08,711716847
2017-01-05,711715497
2017-01-05,711714227
2017-01-04,711712766
2016-12-17,71170280
2016-12-16,711698718
2016-12-15,711697049
2016-12-14,711695374
2016-12-13,711693623
2016-12-10,71169212
2016-12-08,711688523
2016-12-07,711686899
2016-12-07,711685181
2017-01-04,6241713456
2016-12-19,6241698104
2016-12-18,6241694482
2016-12-13,6241694246
2016-12-13,6241687421
2016-12-12,6241684636
2016-12-03,6241681268
2016-12-01,6241678796
2016-12-01,6241677633
2016-11-30,6241675496
2016-11-29,6241673917
2016-11-24,6241671305
2016-11-22,6241669039
2016-11-22,6241668124
2016-11-21,6241667391
2016-11-25,6231671180
2016-11-24,6231666546
2016-12-01,6231666518
2016-11-23,6231664835
2016-11-17,6231663007
2016-11-17,6231662676
2016-11-15,6231659997
2016-11-15,6231658264
2016-11-11,6231656174
2016-11-11,6231654314
2016-11-09,6231652703
2016-11-09,6231651660
2016-11-14,6231651101
2016-11-17,6221659605
2016-11-05,6221647732
2016-11-04,6221644975
2016-11-03,6221643494
2016-11-01,6221642327
2016-11-01,622164833
2016-10-28,6221638722
2016-10-28,6221637143
2016-10-26,6221635763
2016-10-25,6221633892
2016-10-24,6221632457
2016-10-21,6221629820
2016-10-20,6221627927
2016-10-19,6221626602
2016-10-18,6221625003
2016-11-03,6211627510
2016-10-14,621162906
2016-11-02,621162855
2016-10-14,6211619188
2016-10-13,6211617910
2016-10-12,6211616312
2016-10-11,6211614845
2016-10-07,6211612489
2016-10-06,6211611268
2016-10-06,6211609962
2016-10-04,6211608207
2016-10-11,6201612320
2016-10-05,6201607699
2016-09-30,6201604428
2016-09-29,6201602990
2016-09-29,6201601590
2016-09-28,620160277
2016-09-27,6201598627
2016-09-24,6201596312
2016-09-22,6201594863
2016-09-22,6201593770
2016-09-20,6201592176
2016-09-28,6191599975
2016-09-16,6191587741
2016-09-15,6191586192
2016-09-14,6191584855
2016-09-14,6191583711
2016-09-13,6191582848
2016-09-09,6191576552
2016-09-08,6191575861
2016-09-15,6181584172
2016-09-03,618157901
2016-09-02,6181569086
2016-09-01,6181567969
2016-08-31,6181566195
2016-08-30,6181564397
2016-08-27,6181561747
2016-08-25,61815684
2016-08-25,6181558250
2016-08-23,6181556519
2016-09-02,6171562800
2016-08-19,6171551085
2016-08-17,6171549066
2016-08-17,6171547654
2016-08-16,6171546517
2016-08-12,6171544375
2016-08-11,6171542612
2016-08-10,617154886
2016-08-10,617154531
2016-08-10,6171539797
2016-08-06,6161536917
2016-08-16,6161536873
2016-08-04,6161534667
2016-08-04,6161533628
2016-08-03,6161532088
2016-08-01,616153750
2016-07-29,6161529086
2016-07-26,6161526512
2016-07-26,6161525271
2016-08-03,6151531292
2016-07-28,6151527678
2016-07-22,6151521763
2016-07-21,61515247
2016-07-20,6151518300
2016-07-19,6151516656
2016-07-17,6151516111
2016-07-16,6151515090
2016-07-14,6151512960
2016-07-13,6151511346
2016-07-13,615151132
2016-07-09,6141506647
2016-07-08,6141504505
2016-07-02,6141499224
2016-07-01,6141498521
2016-07-01,6141497692
2016-06-30,6141496591
2016-06-29,6141493858
2016-06-29,6141493001
2016-06-28,6141491216
2016-07-02,6131488075
2016-06-24,6131487588
2016-06-23,6131485009
2016-06-22,6131483851
2016-06-17,61314824
2016-06-17,6131478364
2016-06-15,6131476949
2016-06-15,6131475127
2016-06-23,6121481281
2016-06-10,612147611
2016-06-10,6121469215
2016-06-08,6121467296
2016-06-08,6121465509
2016-06-06,6121463817
2016-06-03,6121461659
2016-06-02,6121458984
2016-06-02,6121458138
2016-06-14,6111461007
2016-05-28,6111453450
2016-05-26,6111451882
2016-05-26,611145209
2016-05-25,6111449582
2016-05-23,6111447571
2016-05-21,6111445611
2016-05-19,6111443943
2016-05-18,6111442369
2016-05-17,6111441020
2016-05-14,6101438420
2016-05-13,6101437148
2016-05-11,6101434696
2016-05-11,6101433981
2016-05-10,6101433092
2016-05-09,6101431514
2016-05-07,6101429940
2016-05-06,6101428798
2016-05-05,6101428004
2016-05-03,6101425260
2016-05-07,691424754
2016-04-29,69142751
2016-04-27,691418475
2016-04-26,691417167
2016-04-26,691416042
2016-04-22,691413996
2016-04-21,691412772
2016-04-20,691411253
2016-04-19,691409678
2016-04-22,681411875
2016-04-17,681407619
2016-04-15,681405213
2016-04-14,681403891
2016-04-14,681403651
2016-04-13,681402973
2016-04-13,681401920
2016-04-12,681401507
2016-04-11,68140332
2016-04-09,681399589
2016-04-09,681399187
2016-04-07,681396750
2016-04-06,681395141
2016-04-05,681393440
2016-04-07,671394318
2016-04-01,671389658
2016-04-01,671389052
2016-03-30,671387116
2016-03-29,671386102
2016-03-28,671384394
2016-03-25,671382515
2016-03-25,671381041
2016-03-23,671379932
2016-03-22,671378142
2016-04-01,661387964
2016-03-31,661377939
2016-03-19,661374261
2016-03-18,661372804
2016-03-16,661371834
2016-03-15,66137622
2016-03-15,661369484
2016-03-10,661365162
2016-03-09,6601363376
2016-03-08,6600
2016-03-11,650280
2016-03-05,650277
2016-03-05,650274
2016-03-04,650272
2016-03-03,650266
2016-03-02,650244
2016-02-29,650218
2016-02-28,650195
2016-02-27,650181
2016-02-25,650148
2016-02-25,650125
2016-03-01,641246
2016-02-26,640250
2016-02-20,640247
2016-02-19,640245
2016-02-18,640239
2016-02-16,640203
2016-02-13,640156
2016-02-13,640146
2016-02-12,640136
2016-02-10,640105
2016-02-09,64083
2016-02-18,631239
2016-02-17,630241
2016-02-06,630240
2016-02-05,630238
2016-02-04,630223
2016-02-02,630204
2016-02-02,630191
2016-01-29,630152
2016-01-29,630121
2016-01-27,630114
2016-02-03,620249
2016-01-23,620238
2016-01-22,620234
2016-01-20,620221
2016-01-20,620199
2016-01-15,620121
2016-01-15,620105
2016-01-13,62077
2016-01-21,611488
2016-01-12,610489
2016-01-08,610484
2016-01-08,610479
2016-01-07,610472
2016-01-06,610448
2015-12-20,610347
2015-12-18,610310
2015-12-15,610251
2015-12-15,610226
2015-12-11,610180
2015-12-10,610133
2015-12-09,610105
2015-12-15,5241247
2015-12-30,5240251
2015-12-05,5240249
2015-12-04,5240241
2015-12-02,5240227
2015-12-01,5240202
2015-12-01,5240178
2015-11-24,5240104
2015-11-23,524085
2015-12-01,5231241
2015-12-01,5230247
2015-11-20,5230239
2015-11-19,5230236
2015-11-17,5230218
2015-11-16,5230195
2015-11-14,5230156
2015-11-12,5230134
2015-11-11,523092
2015-11-18,5221289
2015-11-22,5220298
2015-11-09,5220289
2015-11-07,5220282
2015-11-06,5220276
2015-11-04,5220263
2015-11-04,5220248
2015-11-03,5220236
2015-10-30,5220185
2015-10-29,5220165
2015-11-05,5211297
2015-10-27,5210297
2015-10-24,5210293
2015-10-23,5210292
2015-10-22,5210280
2015-10-20,5210254
2015-10-17,5210206
2015-10-15,5210146
2015-10-14,5210129
2015-10-14,5210115
2015-10-21,5201289
2015-10-15,5200289
2015-10-10,5200284
2015-10-09,5200282
2015-10-08,5200269
2015-10-07,5200252
2015-10-02,5200171
2015-10-02,5200156
2015-10-01,5200125
2015-09-30,5200100
2015-10-09,5191301
2015-10-14,5190305
2015-09-26,5190295
2015-09-25,5190292
2015-09-22,5190260
2015-09-22,5190234
2015-09-18,5190190
2015-09-18,5190157
2015-09-16,5190133
2015-09-15,5190107
2015-09-25,5181299
2015-09-22,5180300
2015-09-12,5180291
2015-09-10,5180287
2015-09-10,5180278
2015-09-09,5180247
2015-09-05,5180192
2015-09-04,5180168
2015-09-03,5180140
2015-09-02,5180119
2015-09-10,5171322
2015-09-11,5170330
2015-09-04,5170329
2015-08-31,5170324
2015-08-31,5170323
2015-08-29,5170322
2015-08-28,5170318
2015-08-26,5170295
2015-08-25,5170264
2015-08-25,5170243
2015-08-21,5170213
2015-08-20,5170191
2015-08-25,5161339
2015-08-18,5160341
2015-08-15,5160339
2015-08-14,5160335
2015-08-13,5160302
2015-08-12,5160279
2015-08-11,5160258
2015-08-07,5160210
2015-08-07,5160189
2015-08-06,5160146
2015-08-04,5160114
2015-08-12,5151333
2015-08-06,5150333
2015-08-03,5150325
2015-07-31,5150316
2015-07-30,5150306
2015-07-29,5150272
2015-07-28,5150222
2015-07-25,5150210
2015-07-25,5150201
2015-07-23,5150162
2015-07-23,5150118
2015-07-21,5150108
2015-07-30,5141329
2015-07-28,5140340
2015-07-24,5140334
2015-07-24,5140330
2015-07-18,5140329
2015-07-17,5140317
2015-07-16,5140307
2015-07-15,5140284
2015-07-13,5140250
2015-07-11,5140212
2015-07-11,5140202
2015-07-10,5140195
2015-07-09,5140168
2015-07-09,5140149
2015-07-08,5140126
2015-07-08,5140103
2015-07-16,5131323
2015-07-03,5130323
2015-07-01,5130304
2015-06-30,5130276
2015-06-29,5130228
2015-06-27,5130216
2015-06-26,5130209
2015-06-25,5130183
2015-06-25,5130169
2015-06-24,5130128
2015-07-03,5121341
2015-07-01,5120345
2015-06-20,5120341
2015-06-19,5120335
2015-06-17,5120320
2015-06-17,5120300
2015-06-13,5120201
2015-06-12,5120159
2015-06-11,5120151
2015-06-10,5120119
2015-06-18,5111279
2015-06-17,5110284
2015-06-19,5110278
2015-06-06,5110270
2015-06-06,5110269
2015-06-05,5110268
2015-06-03,5110250
2015-06-02,5110217
2015-06-02,5110192
2015-05-30,5110158
2015-05-29,5110131
2015-05-28,5110100
2015-06-10,5101330
2015-06-07,5100336
2015-05-23,5100330
2015-05-22,5100325
2015-05-21,5100310
2015-05-19,5100273
2015-05-18,5100247
2015-05-16,5100202
2015-05-15,5100187
2015-05-14,5100150
2015-05-14,5100127
2015-05-29,591325
2015-05-21,590325
2015-05-21,590323
2015-05-09,590318
2015-05-08,590313
2015-05-06,590296
2015-05-06,590271
2015-05-04,590243
2015-05-02,590208
2015-05-01,590160
2015-04-30,590159
2015-04-29,590129
2015-05-20,581463
2015-05-05,581448
2015-05-01,580461
2015-04-27,580452
2015-04-26,580450
2015-04-24,580436
2015-04-23,580422
2015-04-22,580388
2015-04-15,580289
2015-04-13,580213
2015-04-11,580185
2015-04-09,580175
2015-04-09,580162
2015-04-08,580126
2015-04-18,571278
2015-04-04,570275
2015-04-04,570272
2015-04-02,570271
2015-04-02,570261
2015-03-31,570226
2015-03-30,570197
2015-03-27,570140
2015-03-27,570121
2015-03-25,57090
2015-03-25,57069
2015-03-31,561190
2015-03-31,560191
2015-03-26,560190
2015-03-20,560185
2015-03-19,560183
2015-03-18,560173
2015-03-17,560154
2015-03-17,560139
2015-03-13,560110
2015-03-12,56090
2015-03-12,56082
2015-03-24,551283
2015-03-23,550280
2015-03-17,550278
2015-03-07,550266
2015-03-07,550265
2015-03-06,550257
2015-03-05,550254
2015-03-03,550214
2015-03-03,550194
2015-02-28,550151
2015-02-27,550132
2015-02-25,550115
2015-02-25,550104
2015-02-24,55095
2015-03-15,541242
2015-03-06,540244
2015-02-21,540241
2015-02-20,540240
2015-02-18,540224
2015-02-18,540213
2015-02-14,540166
2015-02-13,540148
2015-02-13,540143
2015-02-12,540127
2015-02-11,54096
2015-02-23,530302
2015-02-18,530296
2015-02-13,530291
2015-02-07,530288
2015-02-06,530278
2015-02-04,530264
2015-02-04,530247
2015-02-04,530239
2015-02-02,530215
2015-01-31,530165
2015-01-30,530150
2015-01-29,530113
2015-01-28,53095
2015-02-13,521203
2015-02-03,520204
2015-02-02,520203
2015-01-24,520193
2015-01-24,520190
2015-01-23,520188
2015-01-21,520176
2015-01-20,520161
2015-01-17,520118
2015-01-16,520105
2015-01-14,52090
2015-01-13,52076
2015-01-22,511419
2015-01-21,510421
2015-01-15,510417
2015-01-10,510413
2015-01-09,510411
2015-01-08,510392
2015-01-06,510367
2015-01-06,510344
2014-12-18,510249
2014-12-17,510221
2014-12-16,510198
2014-12-13,510162
2014-12-11,510135
2014-12-11,510115
2014-12-09,51093
2015-01-01,4211397
2014-12-19,4211392
2015-01-14,4210398
2014-12-19,4210397
2014-12-16,4210392
2014-12-12,4210390
2014-12-07,4210379
2014-12-06,4210372
2014-12-05,4210364
2014-12-16,4210355
2014-12-03,4210340
2014-12-03,4210321
2014-12-01,4210289
2014-11-26,4210248
2014-11-26,4210240
2014-11-25,4210221
2014-11-21,4210163
2014-11-20,4210120
2014-12-04,4201318
2014-11-28,4200323
2014-11-18,4200315
2014-11-18,4200311
2014-11-15,4200308
2014-11-14,4200303
2014-11-14,4200296
2014-11-13,4200290
2014-11-12,4200268
2014-11-11,4200234
2014-11-08,4200187
2014-11-07,4200171
2014-11-05,4200114
2014-11-21,4191454
2014-11-18,4191446
2014-11-18,4190457
2014-11-17,4190454
2014-11-15,4190452
2014-11-07,4190446
2014-10-31,4190435
2014-10-31,4190430
2014-10-29,4190413
2014-10-29,4190396
2014-10-28,4190379
2014-10-25,4190347
2014-10-24,4190328
2014-10-13,4190194
2014-10-11,4190153
2014-10-10,4190146
2014-10-10,4190132
2014-10-08,419098
2014-10-23,4181282
2014-10-20,4180282
2014-10-10,4180274
2014-10-08,4180271
2014-10-04,4180261
2014-10-03,4180258
2014-10-02,4180236
2014-09-30,4180216
2014-09-30,4180195
2014-09-27,4180154
2014-09-25,4180126
2014-09-25,4180109
2014-10-10,4171237
2014-10-03,4170269
2014-10-03,4170267
2014-09-30,4170238
2014-09-22,4170233
2014-09-20,4170230
2014-09-19,4170220
2014-09-18,4170212
2014-09-17,4170187
2014-09-16,4170174
2014-09-13,4170135
2014-09-11,4170113
2014-09-11,4170106
2014-09-09,417091
2014-10-08,4161253
2014-09-15,4160253
2014-09-06,4160238
2014-09-04,4160225
2014-09-04,4160220
2014-09-02,4160193
2014-08-30,4160187
2014-08-29,4160167
2014-08-28,4160158
2014-08-28,4160136
2014-08-27,4160124
2014-08-27,4160121
2014-09-05,4151240
2014-09-11,4150243
2014-09-03,4150241
2014-08-23,4150238
2014-08-22,4150232
2014-08-21,4150220
2014-08-19,4150198
2014-08-18,4150177
2014-08-16,4150147
2014-08-15,4150139
2014-08-15,4150135
2014-08-13,4150103
2014-08-13,415089
2014-08-13,415085
2014-08-22,4141351
2014-08-21,4140362
2014-08-30,4140359
2014-08-19,4140356
2014-08-09,4140351
2014-08-09,4140347
2014-08-08,4140343
2014-08-06,4140327
2014-08-06,4140312
2014-08-04,4140287
2014-08-02,4140241
2014-08-01,4140235
2014-07-31,4140218
2014-07-31,4140205
2014-07-29,4140157
2014-08-08,4131271
2014-08-05,4130277
2014-07-29,4130265
2014-07-26,4130264
2014-07-26,4130257
2014-07-25,4130250
2014-07-24,4130232
2014-07-22,4130212
2014-07-21,4130194
2014-07-19,4130140
2014-07-18,4130120
2014-07-17,4130106
2014-07-16,413085
2014-07-31,4121507
2014-07-26,4120502
2014-07-22,4120440
2014-07-22,4120388
2014-07-12,4120356
2014-07-11,4120349
2014-07-11,4120339
2014-07-09,4120330
2014-07-08,4120312
2014-07-08,4120301
2014-07-04,4120187
2014-07-03,4120164
2014-07-02,4120132
2014-07-21,4111409
2014-07-08,4110402
2014-07-10,4110401
2014-07-03,4110397
2014-07-01,4110386
2014-06-28,4110382
2014-06-27,4110379
2014-06-26,4110363
2014-06-24,4110330
2014-06-23,4110304
2014-06-21,4110249
2014-06-20,4110198
2014-06-18,4110174
2014-06-18,4110153
2014-06-17,4110150
2014-07-03,4101382
2014-06-24,4100380
2014-06-20,4100379
2014-06-18,4100369
2014-06-14,4100365
2014-06-13,4100359
2014-06-11,4100303
2014-06-11,4100275
2014-06-10,4100247
2014-06-07,4100232
2014-06-05,4100197
2014-06-05,4100176
2014-06-10,490253
2014-06-01,490239
2014-05-30,490232
2014-05-29,490204
2014-05-28,490182
2014-05-23,490159
2014-05-23,490138
2014-05-22,490122
2014-06-16,481193
2014-06-03,480196
2014-05-30,480190
2014-05-23,480189
2014-05-17,480179
2014-05-16,480157
2014-05-15,480149
2014-05-14,480117
2014-05-11,48092
2014-05-10,48084
2014-05-09,48068
2014-05-19,471307
2014-05-12,470298
2014-05-07,470296
2014-05-04,470294
2014-05-03,470291
2014-05-02,470276
2014-05-01,470254
2014-04-29,470233
2014-04-29,470206
2014-04-26,470186
2014-04-25,470166
2014-04-24,470153
2014-04-23,470135
2014-05-11,461202
2014-04-29,461194
2014-05-02,460204
2014-04-30,460202
2014-04-29,460201
2014-04-24,460193
2014-04-18,460188
2014-04-17,460182
2014-04-16,460179
2014-04-12,460171
2014-04-11,460143
2014-04-10,460134
2014-04-08,460101
2014-04-04,46085
2014-04-03,46061
2014-04-20,451276
2014-04-19,450275
2014-04-10,450267
2014-04-08,450266
2014-04-02,450260
2014-04-01,450249
2014-03-29,450245
2014-03-28,450233
2014-03-25,450199
2014-03-25,450182
2014-03-22,450174
2014-03-20,450154
2014-03-20,450151
2014-03-19,450123
2014-04-06,4411874
2014-03-30,4411865
2014-04-01,4401885
2014-03-27,4401872
2014-03-25,4401871
2014-03-13,4401858
2014-03-13,4401854
2014-03-12,4401625
2014-03-10,4401542
2014-03-08,440819
2014-03-07,440804
2014-03-06,440777
2014-03-04,440750
2014-03-03,440725
2014-03-02,440722
2014-03-01,440720
2014-03-01,440699
2014-02-28,440675
2014-03-18,431496
2014-03-07,430496
2014-03-06,430495
2014-02-26,430487
2014-02-24,430479
2014-02-22,430471
2014-02-20,430460
2014-02-20,430454
2014-02-18,430444
2014-02-14,430436
2014-02-12,430408
2014-02-11,430381
2014-03-01,4212727
2014-02-22,4202727
2014-02-19,4202726
2014-02-14,4202723
2014-02-13,4202720
2014-02-13,4202719
2014-02-09,4202718
2014-02-07,4202717
2014-02-06,4202479
2014-02-05,4202465
2014-02-04,4202460
2014-02-03,4202445
2014-01-31,4202431
2014-01-31,4202414
2014-01-31,4202395
2014-01-31,4202338
2014-01-30,4202304
2014-01-31,4202279
2014-01-27,4202243
2014-01-23,4202203
2014-01-29,4202182
2014-01-30,4202122
2014-01-26,4202107
2014-01-26,4202091
2014-02-08,411173
2014-01-31,410181
2014-01-31,410171
2014-01-20,410169
2014-01-17,410165
2014-01-13,410112
n/a,41099
2014-01-12,41084
2013-12-21,41080
2013-12-20,41065
2013-12-21,41054
2013-12-29,41053
2014-01-27,3151258
2014-01-31,3150261
2014-01-30,3150260
2014-01-30,3150258
2014-01-31,3150255
2014-01-14,3150244
2013-12-13,3150208
2013-12-05,3150205
2013-12-15,3150180
2013-12-14,3150173
2013-12-08,3150160
2013-12-04,3150155
2013-11-30,3150144
2014-01-28,3141750
2013-12-09,3140738
2014-01-30,3140737
2013-12-12,3140700
2013-12-26,3131399
2014-01-25,3130399
2014-01-07,3120258
n/a,3120251
2013-11-27,3110317
n/a,3110315
n/a,3110308
2013-12-10,3110306
n/a,3101248
n/a,3100246
2014-04-09,3100237
2014-04-09,390499
n/a,390491
n/a,380228
2013-12-27,370328
2014-02-05,35070
n/a,304078
2014-02-05,3030198
n/a,302038
2015-12-22,221
2014-03-17,110903
2014-08-08,100950
2017-09-16,100673
n/a,100154
n/a,100152
2015-02-12,100149
2015-09-09,100145
2015-04-06,100144
2014-08-05,100131
2014-08-19,1000
2014-01-27,10
